"Reference","Qty","Value","DNP","Exclude from BOM","Exclude from Board","Footprint","Datasheet","LCSC"
"BZ1","1","Buzzer","","","","Buzzer_Beeper:Buzzer_Murata_PKMCS0909E","https://www.lcsc.com/datasheet/C391035.pdf?spm=wm.sxq.inf.ggs&lcsc_vid=TldfUgIFRgcMXgYERlcMUAVSFVgIVAdUT1ZbUFNSRFcxVlNeRVBWU1JeQ1ZYVjsOAxUeFF5JWBYZEEoKFBINSQcJGk4eFQsCAgIaSgADAwAHC0slRFhfV1dRWQkaCgg%3D","C391035"
"C1,C3,C4","3","4u7","","","","Capacitor_SMD:C_1206_3216Metric","","C29823"
"C2,C6,C7,C8,C9,C10,C20,C21","8","0.1uF","","","","Capacitor_SMD:C_0603_1608Metric","","C14663"
"C5","1","10pF","","","","Capacitor_SMD:C_0603_1608Metric","","C1634"
"C11,C13,C14,C15,C16,C17","6","22uF","","","","Capacitor_SMD:C_1206_3216Metric","",""
"C12","1","10uF","","","","Capacitor_SMD:C_1206_3216Metric","","C13585"
"C18","1","100pF","","","","Capacitor_SMD:C_0603_1608Metric","","C14858"
"C19","1","1uF","","","","Capacitor_SMD:C_0603_1608Metric","","C15849"
"D1","1","D_Zener","","","","Diode_SMD:D_SOD-123","https://www.lcsc.com/datasheet/C2103.pdf?spm=wm.sxq.inf.ggs&lcsc_vid=TldfUgIFRgcMXgYERlcMUAVSFVgIVAdUT1ZbUFNSRFcxVlNeRVBfVl1SQ1hcUTsOAxUeFF5JWBYZEEoKFBINSQcJGk4%3D","C2103"
"D2,D3,D4,D5,D6,D7,D8,D9,D10,D11,D12,D13,D14,D15,D16,D17,D18,D19,D20,D21,D22,D23,D24,D25,D26,D27,D28,D29,D30,D31,D32,D33,D34,D35,D36,D37,D38,D39,D40,D41,D42,D43,D44,D45,D46,D47,D48,D49,D50,D51,D52,D53,D54,D55,D56,D57,D58,D59,D60,D61,D62,D63,D64,D65","64","LED","","","","LED_SMD:LED_0603_1608Metric","","C2286"
"J1","1","USB_C_Receptacle","","","","Connector_USB:USB_C_Receptacle_GCT_USB4105-xx-A_16P_TopMnt_Horizontal","https://www.usb.org/sites/default/files/documents/usb_type-c.zip","C5178539"
"J2","1","Conn_01x05","","","","Connector_PinHeader_2.54mm:PinHeader_1x05_P2.54mm_Vertical","",""
"J3","1","Screw_Terminal_01x02","","","","TerminalBlock_CUI:TerminalBlock_CUI_TB007-508-02_1x02_P5.08mm_Horizontal","",""
"J4,J5","2","Conn_01x03","","","","Connector_PinHeader_2.54mm:PinHeader_1x03_P2.54mm_Vertical","",""
"L1","1","47uH","","","","Inductor_SMD:L_APV_ANR5040","https://www.lcsc.com/datasheet/C9392.pdf?spm=wm.sxq.inf.ggs&lcsc_vid=TldfUgIFRgcMXgYERlcMUAVSFVgIVAdUT1ZbUFNSRFcxVlNeRlRdVFRfQVVcXzsOAxUeFF5JWBYZEEoKFBINSQcJGk4%3D","C9392"
"L2","1","4.7uH","","","","Inductor_SMD:L_12x12mm_H8mm","https://www.lcsc.com/datasheet/C24548.pdf?spm=wm.sxq.inf.ggs&lcsc_vid=TldfUgIFRgcMXgYERlcMUAVSFVgIVAdUT1ZbUFNSRFcxVlNeRlVcUlJTRldcVDsOAxUeFF5JWBYZEEoKFBINSQcJGk4%3D","C24548"
"Q1","1","AO4419","","","","Package_SO:SOIC-8-1EP_3.9x4.9mm_P1.27mm_EP2.29x3mm_ThermalVias","https://www.lcsc.com/datasheet/C29205.pdf?spm=wm.sxq.inf.ggs&lcsc_vid=TldfUgIFRgcMXgYERlcMUAVSFVgIVAdUT1ZbUFNSRFcxVlNeRVBfVVZVRldfVjsOAxUeFF5JWBYZEEoKFBINSQcJGk4eFQsCAgIaSgADAwAHC0slRVhcV1FIHxUDCw%3D%3D","C29205"
"R1,R2,R3,R4,R5,R11,R14,R18,R19,R21,R22,R23,R24,R25,R29,R30,R31,R37,R38,R39","20","20k","","","","Resistor_SMD:R_0603_1608Metric","","C4184"
"R6,R12,R13","3","2k2","","","","Resistor_SMD:R_0603_1608Metric","","C4190"
"R7,R8","2","1M","","","","Resistor_SMD:R_0603_1608Metric","","C22935"
"R9,R15,R16","3","100k","","","","Resistor_SMD:R_0603_1608Metric","","C25803"
"R10","1","470R","","","","Resistor_SMD:R_0603_1608Metric","","C23179"
"R17","1","15m","","","","Resistor_SMD:R_2512_6332Metric","https://www.lcsc.com/datasheet/C459682.pdf?spm=wm.sxq.inf.ggs&lcsc_vid=TldfUgIFRgcMXgYERlcMUAVSFVgIVAdUT1ZbUFNSRFcxVlNeRlVcUVdURlZcVzsOAxUeFF5JWBYZEEoKFBINSQcJGk4%3D","C459682"
"R20","1","147k","","","","Resistor_SMD:R_0603_1608Metric","","C22878"
"R26,R27,R28,R32,R34,R35,R36","7","1k","","","","Resistor_SMD:R_0603_1608Metric","","C21190"
"R33","1","0R","","","","Resistor_SMD:R_0603_1608Metric","","C21189"
"SW2","1","SW_Push","","","","usbc-psu-footprints:SKRKAEE020","https://www.lcsc.com/datasheet/C115357.pdf?spm=wm.sxq.inf.ggs&lcsc_vid=TldfUgIFRgcMXgYERlcMUAVSFVgIVAdUT1ZbUFNSRFcxVlNeRldYXlNRQVhbVTsOAxUeFF5JWBYZEEoKFBINSQcJGk4%3D","C115357"
"SW3,SW4,SW5,SW6,SW7","5","SW_Push","","","","Button_Switch_THT:SW_Tactile_SPST_Angled_PTS645Vx58-2LFS","https://www.lcsc.com/datasheet/C86476.pdf?spm=wm.sxq.inf.ggs&lcsc_vid=TldfUgIFRgcMXgYERlcMUAVSFVgIVAdUT1ZbUFNSRFcxVlNeRlVcUFVUTlRWUzsOAxUeFF5JWBYZEEoKFBINSQcJGk4%3D","C86476"
"TH1","1","Thermistor_NTC","","","","Resistor_SMD:R_0603_1608Metric","https://www.lcsc.com/datasheet/C13564.pdf?spm=wm.sxq.inf.ggs&lcsc_vid=TldfUgIFRgcMXgYERlcMUAVSFVgIVAdUT1ZbUFNSRFcxVlNeRlVcUFFQRVFeUDsOAxUeFF5JWBYZEEoKFBINSQcJGk4%3D","C13564"
"U1","1","HUSB238A-xxxxx-QN16R","","","","Package_DFN_QFN:WQFN-16-1EP_3x3mm_P0.5mm_EP1.75x1.75mm","https://www.lcsc.com/datasheet/lcsc_datasheet_2412301710_Hynetek-HUSB238A-BB001-QN16R_C24833806.pdf","C24833806"
"U2","1","SY8303AIC","","","","usbc-psu-footprints:TSOT_303AIC_SGY","SY8303AIC","C97054"
"U3","1","STM32G030K8T6","","","","Package_QFP:LQFP-32_7x7mm_P0.8mm","https://www.st.com/resource/en/datasheet/stm32g030k8.pdf","C431631"
"U4","1","TPS55289RYQR","","","","usbc-psu-footprints:VREG_TPS55289RYQR","https://www.lcsc.com/datasheet/C5942077.pdf?spm=wm.sxq.inf.ggs&lcsc_vid=TlNcVFcHE1VdUFMDR1FYVlVfQVZbUgcDRVlYVAVeFAMxVlNeRlJdVVRURlNYUjsOAxUeFF5JWBYZEEoKFBINSQcJGk4MFQUIE0wKAhAHHg1BVlJSWQkaCgg%3D","C5942077"
"U6","1","IS31FL3731-QF","","","","Package_DFN_QFN:QFN-28-1EP_4x4mm_P0.4mm_EP2.3x2.3mm","http://www.issi.com/WW/pdf/31FL3731.pdf","C191206"
